1065883099,举报省
106574001,政企
1065790006,政企
1065794420,政企
1065799556,政企
1065790000,政企
1065790007,政企
1065790008,政企
1065790010,政企
1065790011,政企
1065790081,政企
1065790088,政企
1065790099,政企
1065790100,政企
1065790103,政企
1065790199,政企
1065790200,政企
1065790201,政企
1065790205,政企
1065790206,政企
1065790216,政企
1065790272,政企
1065790278,政企
1065790279,政企
1065790404,政企
1065790408,政企
1065790414,政企
1065790424,政企
1065790588,政企
1065790688,政企
1065790898,北京
1065790910,政企
1065790918,政企
1065790999,政企
1065791236,政企
10657912378,政企
1065791551,政企
1065791573,四川
1065792436,政企
1065792518,政企
1065792580,政企
1065793333,政企
1065793811,政企
1065794402,政企
1065794403,政企
1065794404,政企
1065794406,政企
1065794409,政企
1065794410,政企
1065794411,政企
1065794412,政企
1065794413,政企
1065794414,政企
1065794415,政企
1065794417,政企
1065794418,政企
1065794441,北京
1065795026,政企
1065795066,政企
1065795071,海南
1065795088,政企
1065795099,政企
1065795135,政企
1065795157,政企
1065795159,北京
1065795160,政企
1065795185,政企
1065795516,政企
1065795517,北京
1065795519,北京
1065795525,北京
1065795530,北京
1065795538,北京
1065795555,政企
1065795558,政企
1065795568,北京
1065795579,北京
1065795588,北京
1065795688,政企
1065796098,江苏
1065796288,政企
1065796295,政企
1065796380,政企
1065796562,政企
1065796601,政企
1065796666,政企
1065796677,广东
1065796709,政企
1065797358,河南
1065797567,湖北
1065797588,政企
1065797589,政企
1065797777,政企
1065798000,政企
1065798162,山东
1065798186,政企
1065798848,政企
1065798888,政企
1065799551,政企
1065799588,政企
1065799999,政企
10657100,北京
10657101,天津
10657102,河北
10657103,山西
10657105,内蒙古
10657106,辽宁
10657107,吉林
10657108,黑龙江
10657109,上海
10657110,江苏
10657111,浙江
10657112,安徽
10657113,青海
10657115,江西
10657116,山东
10657117,河南
10657118,湖北
10657119,湖南
10657120,广东
10657121,海南
10657122,广西
10657123,重庆
10657125,四川
10657126,贵州
10657127,云南
10657128,陕西
10657129,甘肃
10657130,福建
10657131,宁夏
10657132,新疆
10657133,西藏
10657150,北京
10657151,天津
10657152,河北
10657153,山西
10657155,内蒙古
10657156,辽宁
10657157,吉林
10657158,黑龙江
10657159,上海
10657160,江苏
10657161,浙江
10657162,安徽
10657163,青海
10657165,江西
10657166,山东
10657167,河南
10657168,湖北
10657169,湖南
10657170,广东
10657171,海南
10657172,广西
10657173,重庆
10657175,四川
10657176,贵州
10657177,云南
10657178,陕西
10657179,甘肃
10657180,福建
10657181,宁夏
10657182,新疆
10657183,西藏
10657185,北京
10657186,上海
10657187,江苏
10657188,浙江
10657189,山东
10657190,广东
10657191,政企
10657199,政企
10657200,政企
10657299,政企
10657500,北京
10657501,北京
10657502,北京
10657503,北京
10657505,北京
10657579,北京
10657506,天津
10657507,天津
10657508,天津
10657581,天津
10657669,天津
10657509,河北
10657591,河北
10657510,山西
10657599,山西
10657601,山西
10657511,内蒙古
10657609,内蒙古
10657512,辽宁
10657619,辽宁
10657611,辽宁
10657513,吉林
10657629,吉林
10657621,吉林
10657515,黑龙江
10657639,黑龙江
10657631,黑龙江
10657516,上海
10657517,上海
10657518,上海
10657519,上海
10657651,上海
10657520,江苏
10657521,江苏
10657522,江苏
10657523,江苏
10657659,江苏
10657525,浙江
10657526,浙江
10657527,浙江
10657528,浙江
10657589,浙江
10657661,浙江
10657529,安徽
10657530,安徽
10657531,安徽
10657532,福建
10657533,福建
10657535,福建
10657679,福建
10657671,福建
10657536,江西
10657689,江西
10657681,江西
10657537,山东
10657538,山东
10657539,山东
10657550,山东
10657691,山东
10657551,河南
10657699,河南
10657552,湖北
10657709,湖北
10657701,湖北
10657553,湖南
10657719,湖南
10657711,湖南
10657555,广东
10657556,广东
10657557,广东
10657558,广东
10657559,广东
10657560,广东
10657721,广东
10657561,海南
10657729,海南
10657562,广西
10657739,广西
10657731,广西
10657563,重庆
10657759,重庆
10657751,重庆
10657565,四川
10657769,四川
10657761,四川
10657566,贵州
10657779,贵州
10657771,贵州
10657567,云南
10657789,云南
10657781,云南
10657568,陕西
10657799,陕西
10657791,陕西
10657569,甘肃
10657801,甘肃
10657570,青海
10657809,青海
10657811,青海
10657571,宁夏
10657819,宁夏
10657572,新疆
10657829,新疆
10657821,新疆
10657573,西藏
10657839,西藏
10657831,西藏
10657586,广东
106509013,安徽
106509113,安徽
106509613,安徽
106509653,安徽
106509713,安徽
106509753,安徽
1065016,北京
106509001,北京
106509101,北京
106509601,北京
106509661,北京
106509701,北京
106509761,北京
106509015,福建
106509115,福建
106509615,福建
106509655,福建
106509715,福建
106509755,福建
106509030,甘肃
106509130,甘肃
106509630,甘肃
106509660,甘肃
106509730,甘肃
106509760,甘肃
106509021,广东
106509121,广东
106509621,广东
106509681,广东
106509721,广东
106509781,广东
106509023,广西
106509123,广西
106509623,广西
106509663,广西
106509723,广西
106509763,广西
106509027,贵州
106509127,贵州
106509627,贵州
106509657,贵州
106509727,贵州
106509757,贵州
106509022,海南
106509122,海南
106509622,海南
106509652,海南
106509722,海南
106509752,海南
106509003,河北
106509103,河北
106509603,河北
106509673,河北
106509703,河北
106509773,河北
106509018,河南
106509036,河南
106509118,河南
106509136,河南
106509618,河南
106509636,河南
106509666,河南
106509718,河南
106509736,河南
106509766,河南
106509009,黑龙江
106509109,黑龙江
106509609,黑龙江
106509659,黑龙江
106509709,黑龙江
106509759,黑龙江
106509019,湖北
106509119,湖北
106509619,湖北
106509669,湖北
106509719,湖北
106509769,湖北
106509020,湖南
106509038,湖南
106509120,湖南
106509138,湖南
106509620,湖南
106509638,湖南
106509668,湖南
106509720,湖南
106509738,湖南
106509768,湖南
106509008,吉林
106509108,吉林
106509608,吉林
106509658,吉林
106509708,吉林
106509758,吉林
106509011,江苏
106509111,江苏
106509611,江苏
106509671,江苏
106509711,江苏
106509771,江苏
106509016,江西
106509116,江西
106509616,江西
106509656,江西
106509716,江西
106509756,江西
106509007,辽宁
106509107,辽宁
106509607,辽宁
106509667,辽宁
106509707,辽宁
106509767,辽宁
106509006,内蒙古
106509106,内蒙古
106509606,内蒙古
106509676,内蒙古
106509706,内蒙古
106509776,内蒙古
106509032,宁夏
106509132,宁夏
106509632,宁夏
106509662,宁夏
106509732,宁夏
106509762,宁夏
106509031,青海
106509131,青海
106509631,青海
106509691,青海
106509731,青海
106509791,青海
106509017,山东
106509117,山东
106509617,山东
106509639,山东
106509677,山东
106509717,山东
106509739,山东
106509777,山东
106509005,山西
106509105,山西
106509605,山西
106509665,山西
106509705,山西
106509765,山西
106509029,陕西
106509129,陕西
106509629,陕西
106509679,陕西
106509729,陕西
106509779,陕西
106509010,上海
106509110,上海
106509610,上海
106509670,上海
106509710,上海
106509770,上海
106509026,四川
106509055,四川
106509068,四川
106509086,四川
106509126,四川
106509155,四川
106509168,四川
106509186,四川
106509626,四川
106509637,四川
106509650,四川
106509651,四川
106509680,四川
106509726,四川
106509737,四川
106509750,四川
106509751,四川
106509780,四川
106509002,天津
106509102,天津
106509602,天津
106509672,天津
106509702,天津
106509772,天津
106509035,西藏
106509135,西藏
106509635,西藏
106509675,西藏
106509735,西藏
106509775,西藏
106509033,新疆
106509133,新疆
106509633,新疆
106509683,新疆
106509733,新疆
106509783,新疆
106509028,云南
106509128,云南
106509628,云南
106509678,云南
106509728,云南
106509778,云南
106509012,浙江
106509112,浙江
106509612,浙江
106509682,浙江
106509712,浙江
106509782,浙江
1065017,政企
1065020,政企
1065022,政企
1065060,政企
1065066,政企
1065089,政企
1065098,政企
1065099,政企
10650921,政企
10650922,政企
1065010086,政企
106509900005,政企
1065000,重庆
1065012,重庆
106509025,重庆
106509125,重庆
106509625,重庆
106509685,重庆
106509725,重庆
106509785,重庆
10658004,湖南
10658008,湖南
10658128,湖南
10658445,湖南
10658888,湖南
12520,互联网
12583,互联网
10658035,互联网
10658077,互联网
10658083,互联网
10658084,互联网
10658102,互联网
10658104,互联网
10658107,互联网
10658112,互联网
10658114,互联网
10658115,互联网
10658126,互联网
10658139,互联网
10658172,互联网
10658401,互联网
10658424,互联网
10658425,互联网
10658427,互联网
10658437,互联网
10658800,互联网
10658900,互联网
10658000,咪咕
10658009,咪咕
10658011,咪咕
10658027,咪咕
10658060,咪咕
10658065,咪咕
10658080,咪咕
10658085,咪咕
10658086,咪咕
10658087,咪咕
10658089,咪咕
10658099,咪咕
10658106,咪咕
10658118,咪咕
10658175,咪咕
10658421,咪咕
10658422,咪咕
10658423,咪咕
10658428,咪咕
10658431,咪咕
10658436,咪咕
10658830,咪咕
10658831,咪咕
10658838,咪咕
10658866,咪咕
10658899,咪咕
1065809901,咪咕
1065809902,咪咕
10658099099,咪咕
10658099530,咪咕
10658099531,咪咕
10658099538,咪咕
10658099539,咪咕
10658099568,咪咕
1065809909901,咪咕
10657054,物联网
10658022,物联网
10658050,物联网
10658081,物联网
106489937,物联网
106489938,物联网
106572000,物联网
10085,在线
1008699,在线
10086988,在线
10658090,卓望
10658105,卓望
10658107,卓望
10658127,卓望
10658178,卓望
12358,安徽
1212334,安徽
10690083,安徽
10690231,安徽
10690299,安徽
10690410,安徽
10690411,安徽
10690424,安徽
10690429,安徽
10690487,安徽
10690493,安徽
10690521,安徽
10690524,安徽
10690637,安徽
10690694,安徽
10690710,安徽
10690735,安徽
10690750,安徽
10690859,安徽
10690896,安徽
10690952,安徽
106980000196,安徽
10032,北京
10033,北京
10036,北京
10039,北京
10050,北京
11183,北京
12302,北京
12303,北京
12307,北京
12316,北京
12318,北京
12320,北京
12322,北京
12349,北京
12351,北京
12366,北京
12398,北京
95305,北京
95309,北京
95316,北京
95318,北京
95333,北京
95339,北京
95352,北京
95355,北京
95363,北京
95368,北京
95377,北京
95385,北京
95388,北京
95390,北京
95399,北京
95502,北京
95504,北京
95526,北京
95527,北京
95534,北京
95542,北京
95552,北京
95572,北京
95573,北京
95576,北京
95581,北京
95583,北京
95591,北京
95593,北京
1237101,北京
9559800,北京
10690000,北京
10690012,北京
10690018,北京
10690037,北京
10690059,北京
10690060,北京
10690064,北京
10690081,北京
10690086,北京
10690089,北京
10690090,北京
10690095,北京
10690123,北京
10690139,北京
10690158,北京
10690159,北京
10690180,北京
10690185,北京
10690195,北京
10690200,北京
10690218,北京
10690228,北京
10690230,北京
10690246,北京
10690296,北京
10690309,北京
10690315,北京
10690328,北京
10690341,北京
10690360,北京
10690395,北京
10690400,北京
10690406,北京
10690418,北京
10690428,北京
10690459,北京
10690484,北京
10690525,北京
10690536,北京
10690555,北京
10690565,北京
10690598,北京
10690616,北京
10690650,北京
10690660,北京
10690662,北京
10690668,北京
10690699,北京
10690701,北京
10690711,北京
10690798,北京
10690799,北京
10690832,北京
10690955,北京
10690969,北京
10690986,北京
10690994,北京
10690999,北京
10691362,北京
10699000,北京
10699110,北京
10699810,北京
10699886,北京
10699896,北京
121231100,北京
106980000006,北京
106980000168,北京
106980000191,北京
106980000200,北京
106980000311,北京
106980000618,北京
106980000699,北京
106980000718,北京
106980000808,北京
106980000816,北京
106980000818,北京
106980000995,北京
106980001101,北京
106980001234,北京
106980001616,北京
106980002008,北京
106980005518,北京
106980005757,北京
106980006618,北京
106980008000,北京
106980008868,北京
106980009009,北京
106980009090,北京
106980009188,北京
106980009551,北京
106980009556,北京
106980068800,北京
106980095190,北京
106980095316,北京
106980095500,北京
106980095533,北京
106980095534,北京
106980095551,北京
106980095553,北京
106980095567,北京
106980095568,北京
106980095577,北京
106980095582,北京
106980095589,北京
106980095595,北京
106980096016,北京
106980096518,北京
106981095559,北京
106981230123,北京
106982222222,北京
106989895013,北京
106989999999,北京
10037,福建
10038,福建
95317,福建
95321,福建
95330,福建
95358,福建
95366,福建
95369,福建
95547,福建
95557,福建
95562,福建
10690047,福建
10690076,福建
10690087,福建
10690093,福建
10690101,福建
10690177,福建
10690277,福建
10690284,福建
10690295,福建
10690303,福建
10690340,福建
10690342,福建
10690351,福建
10690376,福建
10690387,福建
10690413,福建
10690434,福建
10690453,福建
10690483,福建
10690499,福建
10690513,福建
10690568,福建
10690653,福建
10690663,福建
10690667,福建
10690675,福建
10690691,福建
10690693,福建
10690716,福建
10690723,福建
10690789,福建
10690829,福建
10690948,福建
10691057,福建
106980000009,福建
106980000010,福建
106980000086,福建
106980000100,福建
106980000111,福建
106980000500,福建
106980000678,福建
106980000762,福建
106980000866,福建
106980000886,福建
106980001111,福建
106980001698,福建
106980001881,福建
106980003777,福建
106980005566,福建
106980005568,福建
106980005678,福建
106980007979,福建
106980008100,福建
106980008668,福建
106980008886,福建
106980009399,福建
106980009988,福建
106980095069,福建
106980095318,福建
106980095557,福建
106980095561,福建
106980095563,福建
106980096319,福建
106980096336,福建
106980096777,福建
106989898998,福建
106980008869,甘肃
10021,广东
12301,广东
95300,广东
95313,广东
95322,广东
95328,广东
95329,广东
95351,广东
95360,广东
95361,广东
95386,广东
95391,广东
95396,广东
95509,广东
95513,广东
95529,广东
95535,广东
95539,广东
95543,广东
95545,广东
95551,广东
95564,广东
95584,广东
1212344,广东
10690026,广东
10690029,广东
10690038,广东
10690053,广东
10690054,广东
10690133,广东
10690163,广东
10690273,广东
10690279,广东
10690282,广东
10690333,广东
10690449,广东
10690550,广东
10690559,广东
10690596,广东
10690695,广东
10690700,广东
10690727,广东
10690805,广东
10690822,广东
10690895,广东
10691315,广东
106980000003,广东
106980000005,广东
106980000059,广东
106980000088,广东
106980000115,广东
106980000126,广东
106980000157,广东
106980000186,广东
106980000555,广东
106980000651,广东
106980000668,广东
106980000698,广东
106980000888,广东
106980000999,广东
106980001959,广东
106980001999,广东
106980002233,广东
106980003388,广东
106980003688,广东
106980005555,广东
106980005558,广东
106980005828,广东
106980005858,广东
106980006868,广东
106980006888,广东
106980008008,广东
106980008088,广东
106980008188,广东
106980008698,广东
106980008777,广东
106980008800,广东
106980008866,广东
106980008999,广东
106980009515,广东
106980009608,广东
106980009618,广东
106980009622,广东
106980009666,广东
106980009669,广东
106980009800,广东
106980011185,广东
106980095508,广东
106980095511,广东
106980095522,广东
106980095538,广东
106980095558,广东
106980095575,广东
106980888888,广东
106981630163,广东
106988123456,广东
106988186666,广东
106988300300,广东
106988333999,广东
95563,广西
1212345,广西
1212352,贵州
1212346,海南
10690009,海南
1212313,河北
10690040,河北
10690203,河北
10690442,河北
10690645,河北
10690702,河北
10690787,河北
10690879,河北
10690898,河北
10690902,河北
10690925,河北
10691024,河北
10691036,河北
10691054,河北
10691207,河北
10691256,河北
10691309,河北
121231300,河北
121231311,河北
106350196368,河北
106980001711,河北
106980001716,河北
106980001903,河北
106980005618,河北
106980005966,河北
106980009636,河北
106980095390,河北
1212341,河南
106980006666,河南
95537,黑龙江
95579,湖北
10690067,湖北
10690287,湖北
10690375,湖北
10690489,湖北
10690527,湖北
10691236,湖北
106980000318,湖北
106980000965,湖北
106980005666,湖北
1212343,湖南
106980009651,湖南
1212322,吉林
10690517,吉林
106980000066,吉林
95302,江苏
95319,江苏
95326,江苏
95350,江苏
95353,江苏
95373,江苏
95378,江苏
95570,江苏
95592,江苏
1212332,江苏
10690014,江苏
10690017,江苏
10690023,江苏
10690024,江苏
10690027,江苏
10690042,江苏
10690043,江苏
10690044,江苏
10690045,江苏
10690048,江苏
10690049,江苏
10690070,江苏
10690071,江苏
10690075,江苏
10690091,江苏
10690094,江苏
10690097,江苏
10690107,江苏
10690116,江苏
10690117,江苏
10690129,江苏
10690140,江苏
10690145,江苏
10690146,江苏
10690153,江苏
10690154,江苏
10690156,江苏
10690170,江苏
10690179,江苏
10690182,江苏
10690187,江苏
10690189,江苏
10690198,江苏
10690220,江苏
10690221,江苏
10690232,江苏
10690236,江苏
10690239,江苏
10690241,江苏
10690252,江苏
10690257,江苏
10690258,江苏
10690261,江苏
10690266,江苏
10690268,江苏
10690270,江苏
10690275,江苏
10690278,江苏
10690281,江苏
10690298,江苏
10690300,江苏
10690301,江苏
10690308,江苏
10690312,江苏
10690322,江苏
10690323,江苏
10690334,江苏
10690335,江苏
10690338,江苏
10690366,江苏
10690367,江苏
10690371,江苏
10690385,江苏
10690389,江苏
10690391,江苏
10690403,江苏
10690412,江苏
10690419,江苏
10690422,江苏
10690436,江苏
10690455,江苏
10690460,江苏
10690462,江苏
10690469,江苏
10690474,江苏
10690486,江苏
10690500,江苏
10690501,江苏
10690502,江苏
10690511,江苏
10690520,江苏
10690529,江苏
10690539,江苏
10690540,江苏
10690546,江苏
10690549,江苏
10690556,江苏
10690563,江苏
10690577,江苏
10690580,江苏
10690582,江苏
10690583,江苏
10690587,江苏
10690590,江苏
10690599,江苏
10690605,江苏
10690630,江苏
10690642,江苏
10690654,江苏
10690670,江苏
10690680,江苏
10690685,江苏
10690707,江苏
10690713,江苏
10690719,江苏
10690743,江苏
10690753,江苏
10690759,江苏
10690762,江苏
10690766,江苏
10690767,江苏
10690770,江苏
10690786,江苏
10690791,江苏
10690809,江苏
10690815,江苏
10690817,江苏
10690830,江苏
10690831,江苏
10690856,江苏
10690893,江苏
10690899,江苏
10690900,江苏
10690909,江苏
10690929,江苏
10690975,江苏
10690976,江苏
10690978,江苏
10691010,江苏
10691012,江苏
10691013,江苏
10691018,江苏
10691052,江苏
10691071,江苏
10691228,江苏
10691264,江苏
10691281,江苏
10691284,江苏
121233201,江苏
121233202,江苏
121233203,江苏
121233204,江苏
121233205,江苏
121233206,江苏
121233207,江苏
121233208,江苏
121233209,江苏
121233210,江苏
121233211,江苏
121233212,江苏
121233213,江苏
106980000016,江苏
106980000089,江苏
106980000962,江苏
106980004008,江苏
106980007777,江苏
106980008388,江苏
106980008889,江苏
106980009600,江苏
106980009680,江苏
106980009898,江苏
106980095059,江苏
106980095330,江苏
106980095339,江苏
106980095516,江苏
106980095526,江苏
106980095530,江苏
106980096068,江苏
106980096098,江苏
106980096400,江苏
106988138888,江苏
106988365365,江苏
10020,江西
1212336,江西
1232036,江西
10690519,江西
10690857,江西
106980006266,江西
106980006699,江西
95337,辽宁
10690010,辽宁
10690175,辽宁
10690193,辽宁
10690201,辽宁
10690223,辽宁
10690229,辽宁
10690251,辽宁
10690272,辽宁
10690311,辽宁
10690326,辽宁
10690353,辽宁
10690496,辽宁
10690507,辽宁
10690578,辽宁
10690634,辽宁
10690671,辽宁
10690796,辽宁
10690818,辽宁
10690855,辽宁
10690890,辽宁
10690932,辽宁
10691411,辽宁
10699801,辽宁
121232100,辽宁
121232101,辽宁
121232102,辽宁
121232103,辽宁
121232104,辽宁
121232105,辽宁
121232106,辽宁
121232107,辽宁
121232108,辽宁
121232109,辽宁
121232110,辽宁
121232111,辽宁
121232112,辽宁
121232113,辽宁
121232114,辽宁
106980095337,辽宁
1212364,宁夏
10690698,宁夏
106980009655,宁夏
95395,山东
10690074,山东
10690121,山东
10690137,山东
10690173,山东
10690196,山东
10690214,山东
10690215,山东
10690240,山东
10690243,山东
10690244,山东
10690250,山东
10690276,山东
10690280,山东
10690316,山东
10690317,山东
10690336,山东
10690343,山东
10690350,山东
10690352,山东
10690378,山东
10690381,山东
10690386,山东
10690399,山东
10690402,山东
10690404,山东
10690416,山东
10690423,山东
10690433,山东
10690457,山东
10690479,山东
10690492,山东
10690497,山东
10690505,山东
10690522,山东
10690537,山东
10690538,山东
10690575,山东
10690586,山东
10690597,山东
10690618,山东
10690622,山东
10690625,山东
10690627,山东
10690629,山东
10690646,山东
10690665,山东
10690669,山东
10690679,山东
10690718,山东
10690728,山东
10690731,山东
10690821,山东
10690846,山东
10690864,山东
10690874,山东
10690950,山东
10690966,山东
10690971,山东
10691014,山东
10691023,山东
10691074,山东
10691075,山东
10691412,山东
106980000001,山东
106980000093,山东
106980006588,山东
106980006636,山东
106980006999,山东
106980009999,山东
106980096588,山东
106988311777,山东
1212314,山西
10690002,山西
10690032,山西
10690148,山西
10690184,山西
10690209,山西
10690324,山西
10690329,山西
10690440,山西
10690443,山西
10690447,山西
10690448,山西
10690472,山西
10690495,山西
10690533,山西
10690561,山西
10690570,山西
10690576,山西
10690602,山西
10690639,山西
10690655,山西
10690672,山西
10690681,山西
10690697,山西
10690708,山西
10690709,山西
10690729,山西
10690737,山西
10690744,山西
10690745,山西
10690751,山西
10690758,山西
10690781,山西
10690785,山西
10690813,山西
10690819,山西
10690835,山西
10690849,山西
10690850,山西
10690881,山西
10691051,山西
10691056,山西
10691184,山西
10691451,山西
95582,陕西
10690036,陕西
10690219,陕西
10690260,陕西
10690331,陕西
10690465,陕西
10690509,陕西
10690877,陕西
106980001710,陕西
106980004000,陕西
106980095369,陕西
106980095565,陕西
12319,上海
12329,上海
95188,上海
95310,上海
95331,上海
95357,上海
95359,上海
95383,上海
95505,上海
95524,上海
95546,上海
95549,上海
95550,上海
95554,上海
10690007,上海
10690015,上海
10690021,上海
10690079,上海
10690092,上海
10690098,上海
10690105,上海
10690113,上海
10690131,上海
10690134,上海
10690142,上海
10690143,上海
10690183,上海
10690188,上海
10690197,上海
10690204,上海
10690206,上海
10690216,上海
10690217,上海
10690248,上海
10690253,上海
10690256,上海
10690259,上海
10690262,上海
10690269,上海
10690291,上海
10690292,上海
10690293,上海
10690297,上海
10690305,上海
10690306,上海
10690313,上海
10690356,上海
10690357,上海
10690359,上海
10690380,上海
10690383,上海
10690396,上海
10690397,上海
10690405,上海
10690408,上海
10690427,上海
10690430,上海
10690445,上海
10690464,上海
10690485,上海
10690490,上海
10690494,上海
10690552,上海
10690553,上海
10690569,上海
10690593,上海
10690611,上海
10690649,上海
10690656,上海
10690661,上海
10690666,上海
10690720,上海
10690742,上海
10690747,上海
10690760,上海
10690771,上海
10690775,上海
10690779,上海
10690788,上海
10690793,上海
10690810,上海
10690812,上海
10690836,上海
10690842,上海
10690870,上海
10690875,上海
10690882,上海
10690920,上海
10690974,上海
10691009,上海
10691038,上海
10691039,上海
10691046,上海
10699889,上海
121233100,上海
106980000008,上海
106980000095,上海
106980000099,上海
106980000360,上海
106980000365,上海
106980000510,上海
106980000666,上海
106980000686,上海
106980002030,上海
106980002288,上海
106980002890,上海
106980003669,上海
106980003811,上海
106980005882,上海
106980006866,上海
106980007186,上海
106980007888,上海
106980008080,上海
106980009629,上海
106980009888,上海
106980009918,上海
106980095138,上海
106980095359,上海
106980095501,上海
106980095510,上海
106980095519,上海
106980095559,上海
106980095566,上海
106980095594,上海
106980096575,上海
106980096869,上海
106981095516,上海
106986106986,上海
106988881700,上海
95397,四川
10690019,四川
10690050,四川
10690051,四川
10690205,四川
10690377,四川
10690407,四川
10690542,四川
10690610,四川
10690740,四川
10690741,四川
10690763,四川
10690801,四川
10690806,四川
10690824,四川
10690852,四川
10690876,四川
10690885,四川
10690912,四川
10690959,四川
10690985,四川
10691015,四川
10691029,四川
10691061,四川
10691091,四川
10691158,四川
10691173,四川
106980000799,四川
106980001713,四川
106980001714,四川
106980007999,四川
106980009699,四川
106980096511,四川
106980998555,四川
95311,天津
95541,天津
10669292,天津
10690068,天津
10690096,天津
10690452,天津
10690528,天津
10690619,天津
10690915,天津
10690984,天津
10691195,天津
121231200,天津
106980000777,天津
106980002345,天津
106980005588,天津
106980095358,天津
106980095536,天津
106980960256,天津
106988888811,天津
10690867,西藏
10690979,西藏
10691027,西藏
10691197,西藏
10691361,西藏
10690056,新疆
121236500,新疆
106980006789,云南
106980096533,云南
10029,浙江
95323,浙江
95345,浙江
95365,浙江
95381,浙江
95398,浙江
95574,浙江
1212333,浙江
10690020,浙江
10690039,浙江
10690084,浙江
10690100,浙江
10690102,浙江
10690106,浙江
10690110,浙江
10690115,浙江
10690124,浙江
10690127,浙江
10690191,浙江
10690207,浙江
10690222,浙江
10690264,浙江
10690265,浙江
10690289,浙江
10690302,浙江
10690325,浙江
10690363,浙江
10690364,浙江
10690365,浙江
10690374,浙江
10690414,浙江
10690426,浙江
10690431,浙江
10690454,浙江
10690458,浙江
10690463,浙江
10690467,浙江
10690470,浙江
10690488,浙江
10690498,浙江
10690508,浙江
10690510,浙江
10690515,浙江
10690531,浙江
10690534,浙江
10690544,浙江
10690554,浙江
10690571,浙江
10690574,浙江
10690579,浙江
10690591,浙江
10690606,浙江
10690607,浙江
10690613,浙江
10690621,浙江
10690683,浙江
10690692,浙江
10690705,浙江
10690730,浙江
10690738,浙江
10690746,浙江
10690755,浙江
10690757,浙江
10690774,浙江
10690780,浙江
10690795,浙江
10690797,浙江
10690816,浙江
10690820,浙江
10690840,浙江
10690843,浙江
10690851,浙江
10690866,浙江
10690872,浙江
10690883,浙江
10690926,浙江
10690968,浙江
10690987,浙江
10691252,浙江
106980000020,浙江
106980000120,浙江
106980000199,浙江
106980000333,浙江
106980000906,浙江
106980001199,浙江
106980001666,浙江
106980002000,浙江
106980008802,浙江
106980088888,浙江
106980095070,浙江
106980095188,浙江
106980095378,浙江
106980095555,浙江
106980095574,浙江
106980095587,浙江
106980096521,浙江
106980096528,浙江
106980096561,浙江
106988886666,浙江
11185,政企
12114,政企
12119,政企
12306,政企
12312,政企
12321,政企
12354,政企
12360,政企
12368,政企
12370,政企
12371,政企
12380,政企
95306,政企
95500,政企
95503,政企
95506,政企
95508,政企
95510,政企
95511,政企
95512,政企
95515,政企
95516,政企
95517,政企
95518,政企
95519,政企
95521,政企
95522,政企
95523,政企
95525,政企
95528,政企
95530,政企
95531,政企
95532,政企
95533,政企
95536,政企
95553,政企
95555,政企
95556,政企
95558,政企
95559,政企
95561,政企
95565,政企
95566,政企
95567,政企
95568,政企
95569,政企
95571,政企
95575,政企
95577,政企
95578,政企
95580,政企
95585,政企
95587,政企
95588,政企
95589,政企
95590,政企
95594,政企
95595,政企
95597,政企
95599,政企
123330,政企
123799,政企
1231600,政企
1236600,政企
10690155,政企
10690481,政企
10690516,政企
10690823,政企
10691211,政企
10699888,政企
10699899,政企
1069048114,政企
1069048124,政企
106980008899,政企
106980009000,政企
106980095518,政企
106986008800,政企
106988106988,政企
95389,重庆
10625666,重庆
121235000,重庆
106980096899,重庆
106570,举报省
106573,举报省
1065030,举报省
1065033,举报省
10086,举报省
1062,举报省
1063,举报省
1066,举报省
10658098,重庆
10658026,江苏
10658032,江苏
10658033,江苏
10658123,江苏
10658176,江苏
10658181,江苏
10658420,江苏
10658430,江苏
10658433,江苏
10658880,江苏
10658012,辽宁
10658015,辽宁
10658016,辽宁
10658018,辽宁
10658025,辽宁
10658426,辽宁
10658885,辽宁